,lsat,gender,race1,z,id,quality,quality_norm
0,48.0,male,white,white,13582,1.0,1.0
1,48.0,male,white,white,31,1.0,1.0
2,48.0,female,white,white,8701,1.0,1.0
3,48.0,female,white,white,8951,1.0,1.0
4,48.0,male,white,white,4,1.0,1.0
5,48.0,male,white,white,18937,1.0,1.0
6,48.0,female,white,white,13364,1.0,1.0
7,48.0,male,white,white,20887,1.0,1.0
8,48.0,female,white,white,13499,1.0,1.0
9,48.0,male,white,white,13411,1.0,1.0
10,48.0,male,white,white,20900,1.0,1.0
11,48.0,female,white,white,18709,1.0,1.0
12,48.0,female,white,white,2568,1.0,1.0
13,48.0,male,white,white,13341,1.0,1.0
14,48.0,male,white,white,21311,1.0,1.0
15,48.0,female,white,white,685,1.0,1.0
16,48.0,female,white,white,20410,1.0,1.0
17,48.0,male,white,white,20449,1.0,1.0
18,48.0,male,white,white,20919,1.0,1.0
19,48.0,male,white,white,9124,1.0,1.0
20,48.0,male,white,white,9091,1.0,1.0
21,48.0,male,white,white,8651,1.0,1.0
22,48.0,female,white,white,6181,1.0,1.0
23,48.0,female,white,white,1154,1.0,1.0
24,48.0,male,white,white,20952,1.0,1.0
25,48.0,male,white,white,9290,1.0,1.0
26,48.0,male,white,white,13316,1.0,1.0
27,48.0,male,white,white,20959,1.0,1.0
28,48.0,male,white,white,13342,1.0,1.0
29,48.0,female,white,white,13277,1.0,1.0
30,48.0,male,white,white,21255,1.0,1.0
31,48.0,male,white,white,21304,1.0,1.0
32,48.0,male,white,white,692,1.0,1.0
33,48.0,male,white,white,14225,1.0,1.0
34,48.0,female,white,white,14529,1.0,1.0
35,48.0,male,white,white,14531,1.0,1.0
36,48.0,male,white,white,1538,1.0,1.0
37,48.0,female,white,white,5090,1.0,1.0
38,48.0,male,white,white,14326,1.0,1.0
39,48.0,female,white,white,21241,1.0,1.0
40,48.0,female,white,white,21244,1.0,1.0
41,48.0,male,white,white,20498,1.0,1.0
42,48.0,female,white,white,4988,1.0,1.0
43,48.0,female,white,white,14537,1.0,1.0
44,48.0,male,white,white,652,1.0,1.0
45,48.0,male,white,white,1615,1.0,1.0
46,48.0,male,white,white,5062,1.0,1.0
47,48.0,male,white,white,21252,1.0,1.0
48,48.0,female,white,white,20483,1.0,1.0
49,48.0,male,white,white,231,1.0,1.0
50,48.0,male,white,white,19372,1.0,1.0
51,48.0,male,white,white,3150,1.0,1.0
52,48.0,male,white,white,3166,1.0,1.0
53,48.0,male,white,white,9261,1.0,1.0
54,48.0,female,white,white,9226,1.0,1.0
55,48.0,female,white,white,3205,1.0,1.0
56,48.0,male,white,white,3196,1.0,1.0
57,48.0,female,white,white,9332,1.0,1.0
58,48.0,female,white,white,6191,1.0,1.0
59,48.0,male,white,white,13197,1.0,1.0
60,48.0,male,white,white,3249,1.0,1.0
61,48.0,male,white,white,2970,1.0,1.0
62,48.0,female,white,white,3031,1.0,1.0
63,48.0,female,white,white,196,1.0,1.0
64,48.0,female,white,white,22093,1.0,1.0
65,48.0,male,white,white,9375,1.0,1.0
66,48.0,male,white,white,13189,1.0,1.0
67,48.0,female,white,white,2190,1.0,1.0
68,48.0,female,white,white,2177,1.0,1.0
69,48.0,female,white,white,5867,1.0,1.0
70,48.0,female,white,white,17316,1.0,1.0
71,48.0,male,white,white,19452,1.0,1.0
72,48.0,male,white,white,9239,1.0,1.0
73,48.0,female,white,white,13630,1.0,1.0
74,48.0,male,white,white,13588,1.0,1.0
75,48.0,female,white,white,17152,1.0,1.0
76,48.0,female,white,white,2109,1.0,1.0
77,48.0,female,white,white,9672,1.0,1.0
78,48.0,male,white,white,3455,1.0,1.0
79,48.0,female,white,white,3481,1.0,1.0
80,48.0,female,white,white,17016,1.0,1.0
81,48.0,male,white,white,247,1.0,1.0
82,48.0,male,white,white,13545,1.0,1.0
83,48.0,male,white,white,3280,1.0,1.0
84,48.0,female,white,white,3271,1.0,1.0
85,48.0,male,white,white,570,1.0,1.0
86,48.0,female,white,white,5031,1.0,1.0
87,48.0,male,white,white,14525,1.0,1.0
88,48.0,female,white,white,14274,1.0,1.0
89,48.0,female,white,white,20490,1.0,1.0
90,48.0,male,white,white,640,1.0,1.0
91,48.0,female,white,white,781,1.0,1.0
92,48.0,female,white,white,6855,1.0,1.0
93,48.0,female,white,white,12103,1.0,1.0
94,48.0,female,white,white,14192,1.0,1.0
95,48.0,male,white,white,14474,1.0,1.0
96,48.0,male,white,white,6932,1.0,1.0
97,48.0,male,white,white,6936,1.0,1.0
98,48.0,male,white,white,12014,1.0,1.0
99,48.0,male,white,white,12041,1.0,1.0
100,48.0,male,white,white,12034,1.0,1.0
101,48.0,male,white,white,14579,1.0,1.0
102,48.0,male,white,white,14593,1.0,1.0
103,48.0,male,white,white,10890,1.0,1.0
104,48.0,female,white,white,14554,1.0,1.0
105,48.0,female,white,white,14193,1.0,1.0
106,48.0,female,white,white,20543,1.0,1.0
107,48.0,male,white,white,17049,1.0,1.0
108,48.0,male,white,white,13140,1.0,1.0
109,48.0,male,white,white,1003,1.0,1.0
110,48.0,female,white,white,17018,1.0,1.0
111,48.0,female,white,white,13702,1.0,1.0
112,48.0,female,white,white,13120,1.0,1.0
113,48.0,female,white,white,13647,1.0,1.0
114,48.0,male,white,white,13116,1.0,1.0
115,48.0,female,white,white,13110,1.0,1.0
116,48.0,female,white,white,20764,1.0,1.0
117,48.0,male,white,white,6235,1.0,1.0
118,48.0,male,white,white,5800,1.0,1.0
119,48.0,female,white,white,5810,1.0,1.0
120,48.0,male,white,white,10804,1.0,1.0
121,48.0,female,white,white,21374,1.0,1.0
122,48.0,female,white,white,14585,1.0,1.0
123,48.0,male,white,white,4973,1.0,1.0
124,48.0,male,white,white,21160,1.0,1.0
125,48.0,male,hisp,hisp,6165,1.0,1.0
126,48.0,female,hisp,hisp,20723,1.0,1.0
127,48.0,female,hisp,hisp,19690,1.0,1.0
128,48.0,male,hisp,hisp,16237,1.0,1.0
129,48.0,male,hisp,hisp,21114,1.0,1.0
130,48.0,male,hisp,hisp,8756,1.0,1.0
131,48.0,female,asian,asian,20897,1.0,1.0
132,48.0,male,asian,asian,13335,1.0,1.0
133,48.0,male,asian,asian,20841,1.0,1.0
134,48.0,female,asian,asian,13631,1.0,1.0
135,48.0,male,asian,asian,14263,1.0,1.0
136,48.0,male,asian,asian,13072,1.0,1.0
137,48.0,male,asian,asian,4862,1.0,1.0
138,48.0,male,asian,asian,1669,1.0,1.0
139,48.0,female,asian,asian,21431,1.0,1.0
140,48.0,female,asian,asian,9780,1.0,1.0
141,48.0,female,asian,asian,14850,1.0,1.0
142,48.0,female,asian,asian,1403,1.0,1.0
143,48.0,female,asian,asian,1854,1.0,1.0
144,47.0,male,black,black,1997,0.972972972972973,1.0
145,47.0,male,black,black,21740,0.972972972972973,1.0
146,47.0,male,hisp,hisp,11852,0.972972972972973,0.9722222222222223
147,47.0,male,hisp,hisp,10068,0.972972972972973,0.9722222222222223
148,47.0,male,hisp,hisp,15893,0.972972972972973,0.9722222222222223
149,47.0,male,hisp,hisp,13543,0.972972972972973,0.9722222222222223
150,47.0,female,hisp,hisp,4881,0.972972972972973,0.9722222222222223
151,47.0,male,hisp,hisp,12514,0.972972972972973,0.9722222222222223
152,47.0,female,hisp,hisp,21461,0.972972972972973,0.9722222222222223
153,46.0,female,black,black,6460,0.9459459459459459,0.9722222222222222
154,46.0,female,black,black,6976,0.9459459459459459,0.9722222222222222
155,46.0,male,black,black,5527,0.9459459459459459,0.9722222222222222
156,46.0,male,black,black,16373,0.9459459459459459,0.9722222222222222
157,47.0,female,asian,asian,9756,0.972972972972973,0.9655172413793104
158,47.0,male,asian,asian,9733,0.972972972972973,0.9655172413793104
159,47.0,female,asian,asian,5099,0.972972972972973,0.9655172413793104
160,47.0,male,asian,asian,11850,0.972972972972973,0.9655172413793104
161,47.0,male,asian,asian,10109,0.972972972972973,0.9655172413793104
162,47.0,female,asian,asian,14057,0.972972972972973,0.9655172413793104
163,47.0,male,asian,asian,717,0.972972972972973,0.9655172413793104
164,47.0,male,asian,asian,5657,0.972972972972973,0.9655172413793104
165,47.0,female,asian,asian,20551,0.972972972972973,0.9655172413793104
166,47.0,male,asian,asian,2024,0.972972972972973,0.9655172413793104
167,47.0,female,asian,asian,13091,0.972972972972973,0.9655172413793104
168,47.0,female,asian,asian,9697,0.972972972972973,0.9655172413793104
169,45.0,female,black,black,10138,0.918918918918919,0.9444444444444444
170,46.0,male,hisp,hisp,7605,0.9459459459459459,0.9444444444444443
171,46.0,male,hisp,hisp,19315,0.9459459459459459,0.9444444444444443
172,46.0,female,hisp,hisp,17335,0.9459459459459459,0.9444444444444443
173,46.0,male,hisp,hisp,15601,0.9459459459459459,0.9444444444444443
174,46.0,female,asian,asian,928,0.9459459459459459,0.9310344827586207
175,46.0,male,asian,asian,15084,0.9459459459459459,0.9310344827586207
176,46.0,female,asian,asian,22047,0.9459459459459459,0.9310344827586207
177,46.0,male,asian,asian,21352,0.9459459459459459,0.9310344827586207
178,46.0,male,asian,asian,14384,0.9459459459459459,0.9310344827586207
179,46.0,female,asian,asian,9913,0.9459459459459459,0.9310344827586207
180,46.0,male,asian,asian,13271,0.9459459459459459,0.9310344827586207
181,46.0,female,asian,asian,2327,0.9459459459459459,0.9310344827586207
182,46.0,female,asian,asian,454,0.9459459459459459,0.9310344827586207
183,46.0,female,asian,asian,13207,0.9459459459459459,0.9310344827586207
184,46.0,female,asian,asian,21057,0.9459459459459459,0.9310344827586207
185,46.0,female,asian,asian,9026,0.9459459459459459,0.9310344827586207
186,46.0,male,asian,asian,6316,0.9459459459459459,0.9310344827586207
187,46.0,male,asian,asian,10860,0.9459459459459459,0.9310344827586207
188,46.0,male,asian,asian,3120,0.9459459459459459,0.9310344827586207
189,46.0,male,asian,asian,8765,0.9459459459459459,0.9310344827586207
190,46.0,female,asian,asian,17014,0.9459459459459459,0.9310344827586207
191,46.0,female,asian,asian,201,0.9459459459459459,0.9310344827586207
192,46.0,male,asian,asian,13431,0.9459459459459459,0.9310344827586207
193,46.0,male,asian,asian,1208,0.9459459459459459,0.9310344827586207
194,45.0,male,hisp,hisp,13177,0.918918918918919,0.9166666666666666
195,45.0,male,hisp,hisp,20709,0.918918918918919,0.9166666666666666
196,45.0,female,hisp,hisp,16720,0.918918918918919,0.9166666666666666
197,45.0,male,hisp,hisp,13510,0.918918918918919,0.9166666666666666
198,45.0,female,hisp,hisp,3670,0.918918918918919,0.9166666666666666
199,45.0,male,hisp,hisp,3793,0.918918918918919,0.9166666666666666
200,45.0,male,hisp,hisp,13174,0.918918918918919,0.9166666666666666
201,45.0,female,hisp,hisp,11184,0.918918918918919,0.9166666666666666
202,44.0,female,black,black,19612,0.8918918918918919,0.9166666666666666
203,44.0,female,black,black,6358,0.8918918918918919,0.9166666666666666
204,44.0,female,black,black,4804,0.8918918918918919,0.9166666666666666
205,44.0,male,black,black,6729,0.8918918918918919,0.9166666666666666
206,45.0,male,asian,asian,8663,0.918918918918919,0.896551724137931
207,45.0,female,asian,asian,14586,0.918918918918919,0.896551724137931
208,45.0,female,asian,asian,14642,0.918918918918919,0.896551724137931
209,45.0,female,asian,asian,9294,0.918918918918919,0.896551724137931
210,45.0,male,asian,asian,8900,0.918918918918919,0.896551724137931
211,45.0,female,asian,asian,1548,0.918918918918919,0.896551724137931
212,45.0,male,asian,asian,20435,0.918918918918919,0.896551724137931
213,45.0,male,asian,asian,19371,0.918918918918919,0.896551724137931
214,45.0,male,asian,asian,7829,0.918918918918919,0.896551724137931
215,45.0,male,asian,asian,10284,0.918918918918919,0.896551724137931
216,45.0,male,asian,asian,14386,0.918918918918919,0.896551724137931
217,45.0,female,asian,asian,14392,0.918918918918919,0.896551724137931
218,45.0,male,asian,asian,14252,0.918918918918919,0.896551724137931
219,45.0,male,asian,asian,9504,0.918918918918919,0.896551724137931
220,45.0,male,asian,asian,20504,0.918918918918919,0.896551724137931
221,45.0,male,asian,asian,13008,0.918918918918919,0.896551724137931
222,45.0,female,asian,asian,2027,0.918918918918919,0.896551724137931
223,45.0,female,asian,asian,8848,0.918918918918919,0.896551724137931
224,45.0,female,asian,asian,3531,0.918918918918919,0.896551724137931
225,45.0,male,asian,asian,16485,0.918918918918919,0.896551724137931
226,45.0,female,asian,asian,2614,0.918918918918919,0.896551724137931
227,45.0,female,asian,asian,9841,0.918918918918919,0.896551724137931
228,44.0,male,hisp,hisp,14595,0.8918918918918919,0.8888888888888888
229,44.0,female,hisp,hisp,1177,0.8918918918918919,0.8888888888888888
230,44.0,female,hisp,hisp,2892,0.8918918918918919,0.8888888888888888
231,44.0,female,hisp,hisp,19298,0.8918918918918919,0.8888888888888888
232,44.0,female,hisp,hisp,21434,0.8918918918918919,0.8888888888888888
233,44.0,female,hisp,hisp,8567,0.8918918918918919,0.8888888888888888
234,44.0,male,hisp,hisp,12549,0.8918918918918919,0.8888888888888888
235,44.0,female,hisp,hisp,1246,0.8918918918918919,0.8888888888888888
236,44.0,female,hisp,hisp,5423,0.8918918918918919,0.8888888888888888
237,44.0,female,hisp,hisp,3388,0.8918918918918919,0.8888888888888888
238,44.0,female,hisp,hisp,9690,0.8918918918918919,0.8888888888888888
239,44.0,male,hisp,hisp,730,0.8918918918918919,0.8888888888888888
240,44.0,female,hisp,hisp,1950,0.8918918918918919,0.8888888888888888
241,44.0,male,hisp,hisp,17142,0.8918918918918919,0.8888888888888888
242,44.0,male,hisp,hisp,3371,0.8918918918918919,0.8888888888888888
243,44.0,male,hisp,hisp,19929,0.8918918918918919,0.8888888888888888
244,44.0,male,hisp,hisp,14087,0.8918918918918919,0.8888888888888888
245,44.0,female,hisp,hisp,21318,0.8918918918918919,0.8888888888888888
246,44.0,female,hisp,hisp,2613,0.8918918918918919,0.8888888888888888
247,44.0,female,hisp,hisp,19187,0.8918918918918919,0.8888888888888888
248,43.0,male,black,black,21692,0.8648648648648649,0.8888888888888888
249,43.0,male,black,black,8186,0.8648648648648649,0.8888888888888888
250,43.0,female,black,black,4327,0.8648648648648649,0.8888888888888888
251,43.0,male,black,black,19523,0.8648648648648649,0.8888888888888888
252,43.0,female,black,black,4207,0.8648648648648649,0.8888888888888888
253,43.0,female,black,black,18581,0.8648648648648649,0.8888888888888888
254,44.0,female,asian,asian,20712,0.8918918918918919,0.8620689655172413
255,44.0,female,asian,asian,19462,0.8918918918918919,0.8620689655172413
256,44.0,female,asian,asian,19945,0.8918918918918919,0.8620689655172413
257,44.0,female,asian,asian,14951,0.8918918918918919,0.8620689655172413
258,44.0,male,asian,asian,1865,0.8918918918918919,0.8620689655172413
259,44.0,female,asian,asian,10578,0.8918918918918919,0.8620689655172413
260,44.0,male,asian,asian,8969,0.8918918918918919,0.8620689655172413
261,44.0,female,asian,asian,1072,0.8918918918918919,0.8620689655172413
262,44.0,female,asian,asian,14002,0.8918918918918919,0.8620689655172413
263,44.0,male,asian,asian,16987,0.8918918918918919,0.8620689655172413
264,44.0,female,asian,asian,9914,0.8918918918918919,0.8620689655172413
265,44.0,male,asian,asian,20277,0.8918918918918919,0.8620689655172413
266,44.0,female,asian,asian,21330,0.8918918918918919,0.8620689655172413
267,44.0,male,asian,asian,3759,0.8918918918918919,0.8620689655172413
268,44.0,female,asian,asian,14924,0.8918918918918919,0.8620689655172413
269,44.0,female,asian,asian,551,0.8918918918918919,0.8620689655172413
270,44.0,male,asian,asian,14611,0.8918918918918919,0.8620689655172413
271,44.0,female,asian,asian,7489,0.8918918918918919,0.8620689655172413
272,44.0,female,asian,asian,1659,0.8918918918918919,0.8620689655172413
273,44.0,male,asian,asian,19234,0.8918918918918919,0.8620689655172413
274,44.0,male,asian,asian,4079,0.8918918918918919,0.8620689655172413
275,44.0,female,asian,asian,17444,0.8918918918918919,0.8620689655172413
276,44.0,female,asian,asian,401,0.8918918918918919,0.8620689655172413
277,44.0,female,asian,asian,16399,0.8918918918918919,0.8620689655172413
278,44.0,male,asian,asian,9618,0.8918918918918919,0.8620689655172413
279,44.0,female,asian,asian,3281,0.8918918918918919,0.8620689655172413
280,44.0,female,asian,asian,5152,0.8918918918918919,0.8620689655172413
281,44.0,male,asian,asian,4809,0.8918918918918919,0.8620689655172413
282,44.0,male,asian,asian,20894,0.8918918918918919,0.8620689655172413
283,44.0,male,asian,asian,4060,0.8918918918918919,0.8620689655172413
284,44.0,male,asian,asian,1936,0.8918918918918919,0.8620689655172413
285,44.0,male,asian,asian,13302,0.8918918918918919,0.8620689655172413
286,44.0,female,asian,asian,3800,0.8918918918918919,0.8620689655172413
287,44.0,female,asian,asian,13996,0.8918918918918919,0.8620689655172413
288,44.0,female,asian,asian,13115,0.8918918918918919,0.8620689655172413
289,44.0,male,asian,asian,16161,0.8918918918918919,0.8620689655172413
290,43.0,female,hisp,hisp,9600,0.8648648648648649,0.8611111111111112
291,43.0,male,hisp,hisp,2187,0.8648648648648649,0.8611111111111112
292,43.0,male,hisp,hisp,21664,0.8648648648648649,0.8611111111111112
293,43.0,male,hisp,hisp,881,0.8648648648648649,0.8611111111111112
294,43.0,female,hisp,hisp,860,0.8648648648648649,0.8611111111111112
295,43.0,female,hisp,hisp,11208,0.8648648648648649,0.8611111111111112
296,43.0,male,hisp,hisp,14323,0.8648648648648649,0.8611111111111112
297,43.0,female,hisp,hisp,422,0.8648648648648649,0.8611111111111112
298,43.0,male,hisp,hisp,4734,0.8648648648648649,0.8611111111111112
299,42.0,female,black,black,4203,0.8378378378378378,0.861111111111111
300,42.0,male,black,black,21736,0.8378378378378378,0.861111111111111
301,42.0,male,black,black,15705,0.8378378378378378,0.861111111111111
302,42.0,female,black,black,10692,0.8378378378378378,0.861111111111111
303,42.0,male,black,black,21794,0.8378378378378378,0.861111111111111
304,42.0,male,black,black,10523,0.8378378378378378,0.861111111111111
305,42.0,male,black,black,19086,0.8378378378378378,0.861111111111111
306,42.0,male,black,black,12707,0.8378378378378378,0.861111111111111
307,42.0,female,black,black,12243,0.8378378378378378,0.861111111111111
308,42.0,female,black,black,1176,0.8378378378378378,0.861111111111111
309,42.0,male,black,black,18396,0.8378378378378378,0.861111111111111
310,42.0,female,black,black,18927,0.8378378378378378,0.861111111111111
311,42.0,male,black,black,11369,0.8378378378378378,0.861111111111111
312,42.0,male,black,black,15357,0.8378378378378378,0.861111111111111
313,42.0,female,black,black,14865,0.8378378378378378,0.861111111111111
314,42.0,male,black,black,1099,0.8378378378378378,0.861111111111111
315,42.0,female,black,black,11945,0.8378378378378378,0.861111111111111
316,42.0,male,black,black,21985,0.8378378378378378,0.861111111111111
317,42.5,male,hisp,hisp,22013,0.8513513513513513,0.8472222222222222
318,41.0,female,black,black,7488,0.8108108108108109,0.8333333333333334
319,41.0,female,black,black,7949,0.8108108108108109,0.8333333333333334
320,41.0,male,black,black,22291,0.8108108108108109,0.8333333333333334
321,41.0,female,black,black,20003,0.8108108108108109,0.8333333333333334
322,41.0,female,black,black,21508,0.8108108108108109,0.8333333333333334
323,41.0,female,black,black,6659,0.8108108108108109,0.8333333333333334
324,41.0,female,black,black,15984,0.8108108108108109,0.8333333333333334
325,41.0,male,black,black,18279,0.8108108108108109,0.8333333333333334
326,41.0,male,black,black,8271,0.8108108108108109,0.8333333333333334
327,41.0,female,black,black,12525,0.8108108108108109,0.8333333333333334
328,41.0,female,black,black,8521,0.8108108108108109,0.8333333333333334
329,41.0,female,black,black,19801,0.8108108108108109,0.8333333333333334
330,41.0,male,black,black,18164,0.8108108108108109,0.8333333333333334
331,41.0,male,black,black,15850,0.8108108108108109,0.8333333333333334
332,42.0,female,hisp,hisp,14441,0.8378378378378378,0.8333333333333333
333,42.0,male,hisp,hisp,3274,0.8378378378378378,0.8333333333333333
334,42.0,female,hisp,hisp,14166,0.8378378378378378,0.8333333333333333
335,42.0,male,hisp,hisp,6528,0.8378378378378378,0.8333333333333333
336,42.0,female,hisp,hisp,7067,0.8378378378378378,0.8333333333333333
337,42.0,female,hisp,hisp,16307,0.8378378378378378,0.8333333333333333
338,42.0,female,hisp,hisp,11674,0.8378378378378378,0.8333333333333333
339,42.0,male,hisp,hisp,11773,0.8378378378378378,0.8333333333333333
340,42.0,female,hisp,hisp,7659,0.8378378378378378,0.8333333333333333
341,42.0,male,hisp,hisp,15691,0.8378378378378378,0.8333333333333333
342,42.0,male,hisp,hisp,5839,0.8378378378378378,0.8333333333333333
343,42.0,male,hisp,hisp,1739,0.8378378378378378,0.8333333333333333
344,42.0,female,hisp,hisp,16881,0.8378378378378378,0.8333333333333333
345,42.0,female,hisp,hisp,4941,0.8378378378378378,0.8333333333333333
346,42.0,male,hisp,hisp,1966,0.8378378378378378,0.8333333333333333
347,42.0,female,hisp,hisp,7630,0.8378378378378378,0.8333333333333333
348,42.0,female,hisp,hisp,19005,0.8378378378378378,0.8333333333333333
349,42.0,male,hisp,hisp,12801,0.8378378378378378,0.8333333333333333
350,42.0,female,hisp,hisp,14991,0.8378378378378378,0.8333333333333333
351,42.0,male,hisp,hisp,15604,0.8378378378378378,0.8333333333333333
352,42.0,female,hisp,hisp,7917,0.8378378378378378,0.8333333333333333
353,42.0,female,hisp,hisp,21291,0.8378378378378378,0.8333333333333333
354,42.0,male,hisp,hisp,14868,0.8378378378378378,0.8333333333333333
355,42.0,female,hisp,hisp,8802,0.8378378378378378,0.8333333333333333
356,42.0,male,hisp,hisp,9550,0.8378378378378378,0.8333333333333333
357,42.0,female,hisp,hisp,1359,0.8378378378378378,0.8333333333333333
358,43.0,male,asian,asian,10125,0.8648648648648649,0.8275862068965518
359,43.0,male,asian,asian,9715,0.8648648648648649,0.8275862068965518
360,43.0,female,asian,asian,20311,0.8648648648648649,0.8275862068965518
361,43.0,male,asian,asian,20956,0.8648648648648649,0.8275862068965518
362,43.0,female,asian,asian,2173,0.8648648648648649,0.8275862068965518
363,43.0,male,asian,asian,7721,0.8648648648648649,0.8275862068965518
364,43.0,female,asian,asian,2097,0.8648648648648649,0.8275862068965518
365,43.0,female,asian,asian,13397,0.8648648648648649,0.8275862068965518
366,43.0,male,asian,asian,20654,0.8648648648648649,0.8275862068965518
367,43.0,male,asian,asian,14984,0.8648648648648649,0.8275862068965518
368,43.0,male,asian,asian,9083,0.8648648648648649,0.8275862068965518
369,43.0,male,asian,asian,19720,0.8648648648648649,0.8275862068965518
370,43.0,male,asian,asian,2215,0.8648648648648649,0.8275862068965518
371,43.0,male,asian,asian,8575,0.8648648648648649,0.8275862068965518
372,43.0,female,asian,asian,9955,0.8648648648648649,0.8275862068965518
373,43.0,female,asian,asian,13906,0.8648648648648649,0.8275862068965518
374,43.0,male,asian,asian,2881,0.8648648648648649,0.8275862068965518
375,43.0,male,asian,asian,15974,0.8648648648648649,0.8275862068965518
376,43.0,female,asian,asian,3409,0.8648648648648649,0.8275862068965518
377,43.0,female,asian,asian,1707,0.8648648648648649,0.8275862068965518
378,43.0,female,asian,asian,6674,0.8648648648648649,0.8275862068965518
379,43.0,male,asian,asian,3439,0.8648648648648649,0.8275862068965518
380,41.5,female,hisp,hisp,14712,0.8243243243243243,0.8194444444444444
381,40.5,female,black,black,18159,0.7972972972972973,0.8194444444444443
382,41.0,male,hisp,hisp,12026,0.8108108108108109,0.8055555555555555
383,41.0,female,hisp,hisp,16449,0.8108108108108109,0.8055555555555555
384,41.0,female,hisp,hisp,17022,0.8108108108108109,0.8055555555555555
385,41.0,female,hisp,hisp,11247,0.8108108108108109,0.8055555555555555
386,41.0,male,hisp,hisp,10176,0.8108108108108109,0.8055555555555555
387,41.0,male,hisp,hisp,20234,0.8108108108108109,0.8055555555555555
388,41.0,male,hisp,hisp,9342,0.8108108108108109,0.8055555555555555
389,41.0,male,hisp,hisp,7348,0.8108108108108109,0.8055555555555555
390,41.0,male,hisp,hisp,8647,0.8108108108108109,0.8055555555555555
391,41.0,male,hisp,hisp,20212,0.8108108108108109,0.8055555555555555
392,41.0,female,hisp,hisp,14873,0.8108108108108109,0.8055555555555555
393,41.0,male,hisp,hisp,7467,0.8108108108108109,0.8055555555555555
394,41.0,male,hisp,hisp,6480,0.8108108108108109,0.8055555555555555
395,41.0,female,hisp,hisp,12673,0.8108108108108109,0.8055555555555555
396,41.0,male,hisp,hisp,4185,0.8108108108108109,0.8055555555555555
397,41.0,male,hisp,hisp,15899,0.8108108108108109,0.8055555555555555
398,41.0,male,hisp,hisp,13048,0.8108108108108109,0.8055555555555555
399,41.0,female,hisp,hisp,5856,0.8108108108108109,0.8055555555555555
400,41.0,female,hisp,hisp,20615,0.8108108108108109,0.8055555555555555
401,41.0,female,hisp,hisp,505,0.8108108108108109,0.8055555555555555
402,41.0,female,hisp,hisp,1547,0.8108108108108109,0.8055555555555555
403,41.0,female,hisp,hisp,18585,0.8108108108108109,0.8055555555555555
404,41.0,male,hisp,hisp,21939,0.8108108108108109,0.8055555555555555
405,41.0,male,hisp,hisp,16811,0.8108108108108109,0.8055555555555555
406,41.0,female,hisp,hisp,3655,0.8108108108108109,0.8055555555555555
407,41.0,male,hisp,hisp,8968,0.8108108108108109,0.8055555555555555
408,41.0,female,hisp,hisp,12091,0.8108108108108109,0.8055555555555555
409,40.0,female,black,black,22235,0.7837837837837838,0.8055555555555555
410,40.0,male,black,black,22194,0.7837837837837838,0.8055555555555555
411,40.0,female,black,black,5685,0.7837837837837838,0.8055555555555555
412,40.0,female,black,black,1020,0.7837837837837838,0.8055555555555555
413,40.0,male,black,black,11665,0.7837837837837838,0.8055555555555555
414,40.0,male,black,black,1317,0.7837837837837838,0.8055555555555555
415,40.0,male,black,black,8341,0.7837837837837838,0.8055555555555555
416,40.0,female,black,black,8646,0.7837837837837838,0.8055555555555555
417,40.0,male,black,black,6041,0.7837837837837838,0.8055555555555555
418,40.0,female,black,black,7386,0.7837837837837838,0.8055555555555555
419,40.0,female,black,black,11192,0.7837837837837838,0.8055555555555555
420,40.0,male,black,black,6112,0.7837837837837838,0.8055555555555555
421,40.0,male,black,black,11904,0.7837837837837838,0.8055555555555555
422,40.0,female,black,black,10478,0.7837837837837838,0.8055555555555555
423,40.0,male,black,black,3368,0.7837837837837838,0.8055555555555555
424,40.0,male,black,black,15966,0.7837837837837838,0.8055555555555555
425,40.0,female,black,black,11765,0.7837837837837838,0.8055555555555555
426,40.0,female,black,black,19326,0.7837837837837838,0.8055555555555555
427,40.0,male,black,black,10854,0.7837837837837838,0.8055555555555555
428,40.0,female,black,black,11419,0.7837837837837838,0.8055555555555555
429,40.0,male,black,black,16353,0.7837837837837838,0.8055555555555555
430,40.0,male,black,black,21946,0.7837837837837838,0.8055555555555555
431,40.0,male,black,black,1965,0.7837837837837838,0.8055555555555555
432,40.0,male,black,black,22002,0.7837837837837838,0.8055555555555555
433,40.5,female,hisp,hisp,14032,0.7972972972972973,0.7916666666666665
434,40.5,female,hisp,hisp,14744,0.7972972972972973,0.7916666666666665
435,40.5,male,hisp,hisp,10592,0.7972972972972973,0.7916666666666665
436,40.5,male,hisp,hisp,20357,0.7972972972972973,0.7916666666666665
437,40.0,female,hisp,hisp,9427,0.7837837837837838,0.7777777777777778
438,40.0,female,hisp,hisp,8613,0.7837837837837838,0.7777777777777778
439,40.0,male,hisp,hisp,4147,0.7837837837837838,0.7777777777777778
440,40.0,male,hisp,hisp,17696,0.7837837837837838,0.7777777777777778
441,40.0,female,hisp,hisp,7927,0.7837837837837838,0.7777777777777778
442,40.0,male,hisp,hisp,18241,0.7837837837837838,0.7777777777777778
443,40.0,female,hisp,hisp,9606,0.7837837837837838,0.7777777777777778
444,40.0,male,hisp,hisp,9552,0.7837837837837838,0.7777777777777778
445,40.0,female,hisp,hisp,12447,0.7837837837837838,0.7777777777777778
446,40.0,male,hisp,hisp,10484,0.7837837837837838,0.7777777777777778
447,40.0,female,hisp,hisp,452,0.7837837837837838,0.7777777777777778
448,40.0,male,hisp,hisp,18429,0.7837837837837838,0.7777777777777778
449,39.0,female,black,black,2610,0.7567567567567568,0.7777777777777778
450,39.0,female,black,black,1780,0.7567567567567568,0.7777777777777778
451,39.0,male,black,black,17962,0.7567567567567568,0.7777777777777778
452,39.0,female,black,black,21632,0.7567567567567568,0.7777777777777778
453,39.0,female,black,black,14979,0.7567567567567568,0.7777777777777778
454,39.0,female,black,black,10491,0.7567567567567568,0.7777777777777778
455,39.0,male,black,black,10501,0.7567567567567568,0.7777777777777778
456,39.0,male,black,black,15315,0.7567567567567568,0.7777777777777778
457,39.0,female,black,black,22206,0.7567567567567568,0.7777777777777778
458,39.0,male,black,black,15285,0.7567567567567568,0.7777777777777778
459,39.0,male,black,black,7344,0.7567567567567568,0.7777777777777778
460,39.0,female,black,black,3245,0.7567567567567568,0.7777777777777778
461,39.0,male,black,black,10392,0.7567567567567568,0.7777777777777778
462,39.0,male,black,black,8473,0.7567567567567568,0.7777777777777778
463,39.0,male,black,black,22139,0.7567567567567568,0.7777777777777778
464,39.0,male,black,black,22293,0.7567567567567568,0.7777777777777778
465,39.0,male,black,black,8443,0.7567567567567568,0.7777777777777778
466,39.0,female,black,black,3547,0.7567567567567568,0.7777777777777778
467,39.0,female,black,black,7216,0.7567567567567568,0.7777777777777778
468,39.0,female,black,black,506,0.7567567567567568,0.7777777777777778
469,39.0,male,black,black,16503,0.7567567567567568,0.7777777777777778
470,39.0,male,black,black,12603,0.7567567567567568,0.7777777777777778
471,39.0,female,black,black,6109,0.7567567567567568,0.7777777777777778
472,39.0,female,black,black,3224,0.7567567567567568,0.7777777777777778
473,39.0,male,black,black,5402,0.7567567567567568,0.7777777777777778
474,39.0,male,black,black,3596,0.7567567567567568,0.7777777777777778
475,39.0,male,black,black,11710,0.7567567567567568,0.7777777777777778
476,39.0,female,black,black,11333,0.7567567567567568,0.7777777777777778
477,39.0,male,black,black,21542,0.7567567567567568,0.7777777777777778
478,39.0,male,black,black,3345,0.7567567567567568,0.7777777777777778
479,38.5,male,black,black,1334,0.7432432432432432,0.7638888888888888
480,38.0,female,black,black,6791,0.7297297297297297,0.7499999999999999
481,38.0,female,black,black,10040,0.7297297297297297,0.7499999999999999
482,38.0,male,black,black,2736,0.7297297297297297,0.7499999999999999
483,38.0,female,black,black,9081,0.7297297297297297,0.7499999999999999
484,38.0,male,black,black,13269,0.7297297297297297,0.7499999999999999
485,38.0,female,black,black,21750,0.7297297297297297,0.7499999999999999
486,38.0,male,black,black,15331,0.7297297297297297,0.7499999999999999
487,38.0,female,black,black,4972,0.7297297297297297,0.7499999999999999
488,38.0,female,black,black,8673,0.7297297297297297,0.7499999999999999
489,38.0,female,black,black,19575,0.7297297297297297,0.7499999999999999
490,38.0,female,black,black,5304,0.7297297297297297,0.7499999999999999
491,38.0,female,black,black,14814,0.7297297297297297,0.7499999999999999
492,38.0,female,black,black,15564,0.7297297297297297,0.7499999999999999
493,38.0,male,black,black,15768,0.7297297297297297,0.7499999999999999
494,38.0,male,black,black,19286,0.7297297297297297,0.7499999999999999
495,38.0,female,black,black,21362,0.7297297297297297,0.7499999999999999
496,38.0,male,black,black,4039,0.7297297297297297,0.7499999999999999
497,38.0,female,black,black,18538,0.7297297297297297,0.7499999999999999
498,38.0,female,black,black,8143,0.7297297297297297,0.7499999999999999
499,38.0,female,black,black,19670,0.7297297297297297,0.7499999999999999
